{"cameraMode":{"drawMode":0,"name":"Shaded","section":"Shading Mode"},"sceneLighting":false,"audioPlay":false,"sceneViewState":{"showFog":true,"showMaterialUpdate":false,"showSkybox":false,"showFlares":true,"showImageEffects":true,"showParticleSystems":true},"in2DMode":false,"pivot":{"x":20.200000762939454,"y":0.5699999332427979,"z":-740.562255859375},"rotation":{"x":0.14109911024570466,"y":0.5529677867889404,"z":-0.09566738456487656,"w":0.8155811429023743},"size":3.570714235305786,"orthographic":false}