{"cameraMode":{"drawMode":0,"name":"Shaded","section":"Shading Mode"},"sceneLighting":true,"audioPlay":false,"sceneViewState":{"showFog":true,"showMaterialUpdate":false,"showSkybox":true,"showFlares":true,"showImageEffects":true,"showParticleSystems":true},"in2DMode":false,"pivot":{"x":11.25644302368164,"y":14.258480072021485,"z":-803.0536499023438},"rotation":{"x":-0.17778654396533967,"y":-0.3665504455566406,"z":0.0714944452047348,"w":-0.9104887247085571},"size":17.013303756713868,"orthographic":false}