{"cameraMode":{"drawMode":0,"name":"Shaded","section":"Shading Mode"},"sceneLighting":false,"audioPlay":false,"sceneViewState":{"showFog":true,"showMaterialUpdate":true,"showSkybox":false,"showFlares":true,"showImageEffects":true,"showParticleSystems":true},"in2DMode":false,"pivot":{"x":-143.94439697265626,"y":24.793819427490236,"z":-502.18609619140627},"rotation":{"x":-0.13392338156700135,"y":0.8656099438667297,"z":-0.35612714290618899,"w":-0.3255212604999542},"size":11.354262351989746,"orthographic":false}