{"cameraMode":{"drawMode":0,"name":"Shaded","section":"Shading Mode"},"sceneLighting":false,"audioPlay":false,"sceneViewState":{"showFog":true,"showMaterialUpdate":false,"showSkybox":false,"showFlares":true,"showImageEffects":true,"showParticleSystems":true},"in2DMode":false,"pivot":{"x":-4.848595142364502,"y":1.0242949724197388,"z":9.596494674682618},"rotation":{"x":0.04182770848274231,"y":0.6434911489486694,"z":0.035195644944906238,"w":-0.7635416388511658},"size":10.800512313842774,"orthographic":false}