{"cameraMode":{"drawMode":0,"name":"Shaded","section":"Shading Mode"},"sceneLighting":false,"audioPlay":false,"sceneViewState":{"showFog":true,"showMaterialUpdate":true,"showSkybox":false,"showFlares":true,"showImageEffects":true,"showParticleSystems":true},"in2DMode":false,"pivot":{"x":-143.96258544921876,"y":36.553062438964847,"z":-498.8624267578125},"rotation":{"x":-0.05822404846549034,"y":0.5905022621154785,"z":-0.042773324996232989,"w":-0.8037993311882019},"size":29.859882354736329,"orthographic":false}