{"cameraMode":{"drawMode":0,"name":"Shaded","section":"Shading Mode"},"sceneLighting":true,"audioPlay":false,"sceneViewState":{"showFog":true,"showMaterialUpdate":true,"showSkybox":true,"showFlares":true,"showImageEffects":true,"showParticleSystems":true},"in2DMode":false,"pivot":{"x":-14.922646522521973,"y":22.064023971557618,"z":-734.6076049804688},"rotation":{"x":-0.40855997800827029,"y":-0.3237542510032654,"z":0.15771622955799104,"w":-0.8386864066123962},"size":103.23966979980469,"orthographic":false}