{"cameraMode":{"drawMode":0,"name":"Shaded","section":"Shading Mode"},"sceneLighting":true,"audioPlay":false,"sceneViewState":{"showFog":true,"showMaterialUpdate":true,"showSkybox":true,"showFlares":true,"showImageEffects":true,"showParticleSystems":true},"in2DMode":false,"pivot":{"x":22.624202728271486,"y":20.363807678222658,"z":-785.9002685546875},"rotation":{"x":-0.12150686979293823,"y":-0.005363050382584333,"z":0.0006564618088304997,"w":-0.9925757646560669},"size":9.009746551513672,"orthographic":false}