{"cameraMode":{"drawMode":0,"name":"Shaded","section":"Shading Mode"},"sceneLighting":true,"audioPlay":false,"sceneViewState":{"showFog":true,"showMaterialUpdate":true,"showSkybox":true,"showFlares":true,"showImageEffects":true,"showParticleSystems":true},"in2DMode":false,"pivot":{"x":-31.69668197631836,"y":-133.62649536132813,"z":-499.56280517578127},"rotation":{"x":-0.27673864364624026,"y":0.025647832080721856,"z":-0.007389374077320099,"w":-0.9605783820152283},"size":235.00567626953126,"orthographic":false}