{"cameraMode":{"drawMode":0,"name":"Shaded","section":"Shading Mode"},"sceneLighting":false,"audioPlay":false,"sceneViewState":{"showFog":true,"showMaterialUpdate":false,"showSkybox":false,"showFlares":true,"showImageEffects":true,"showParticleSystems":true},"in2DMode":false,"pivot":{"x":-369.884033203125,"y":36.18192672729492,"z":-211.80535888671876},"rotation":{"x":0.057523444294929507,"y":-0.9283506870269775,"z":0.16204392910003663,"w":0.32954856753349306},"size":0.6123724579811096,"orthographic":false}