{"cameraMode":{"drawMode":0,"name":"Shaded","section":"Shading Mode"},"sceneLighting":true,"audioPlay":false,"sceneViewState":{"showFog":true,"showMaterialUpdate":true,"showSkybox":true,"showFlares":true,"showImageEffects":true,"showParticleSystems":true},"in2DMode":false,"pivot":{"x":8.522001266479493,"y":39.748573303222659,"z":-775.4521484375},"rotation":{"x":-0.3151054382324219,"y":-0.14108844101428986,"z":0.04743115231394768,"w":-0.937314510345459},"size":49.38636016845703,"orthographic":false}